Date,Ville,TempÃ©rature,HumiditÃ©2019-01-13,-9,2,Geneve
2018-02-02,29,20,Geneve
2011-07-21,26,6,Geneve
2012-09-15,30,2,Geneve
2018-11-25,15,80,Berne
2014-12-19,34,63,Lausanne
2021-05-14,-8,60,Yverdon
2010-09-18,9,23,Yverdon
erreur
2020-05-04,36,51,Berne
2010-05-26,14,68,Geneve
2020-07-06,0,84,Geneve

2015-09-22,34,55,Geneve
2019-05-25,26,27,Lausanne
2013-02-06,25,62,Berne
2013-05-24,4,68,Yverdon
2018-04-25,12,64,Lausanne
2015-05-18,9,98,Yverdon
2011-01-26,-10,40,Yverdon
2019-07-04,28,3,Lausanne
2010-05-07,16,98,Berne
2019-10-16,-6,96,Yverdon
2012-09-30,29,28,Geneve
2020-12-09,-5,62,Berne
2018-03-29,-3,56,Yverdon
2010-04-25,16,4,Berne
2013-01-16,22,2,Geneve
2019-03-29,22,65,Lausanne
2010-05-20,3,82,Berne
2017-04-15,26,1,Lausanne
2014-10-26,-10,1,Geneve
2016-04-20,-6,30,Lausanne
2015-09-10,-9,62,Geneve
2010-06-15,30,63,Berne
2020-04-23,29,6,Lausanne
2017-10-08,-10,22,Berne
2017-01-05,27,97,Yverdon
2019-02-27,8,48,Berne
2015-12-26,-2,84,Lausanne
2011-05-23,-9,69,Berne
2014-11-14,24,19,Geneve
2022-01-07,8,45,Geneve
2014-09-05,26,11,Berne
2016-07-12,-7,27,Lausanne
2019-08-16,-3,99,Berne
2020-06-20,24,72,Geneve
2015-03-27,17,3,Lausanne
2012-09-28,1,95,Berne
2018-10-09,25,22,Lausanne
2011-06-07,-8,64,Berne
2016-10-01,4,37,Lausanne
2018-01-18,29,80,Yverdon
2019-06-26,5,74,Geneve
2010-03-01,2,69,Berne
2019-08-28,-3,24,Berne
2014-02-11,-7,66,Lausanne
2021-10-29,14,74,Geneve
2010-09-22,-10,80,Geneve
2012-02-06,5,46,Berne
2014-05-27,26,65,Geneve
2020-09-16,23,45,Yverdon
2011-05-18,7,85,Geneve
2013-07-23,-8,29,Lausanne
2013-09-29,9,6,Berne
2015-03-16,29,28,Geneve
2013-04-06,-5,21,Yverdon
2010-09-23,15,77,Yverdon
2020-08-19,28,40,Geneve
2020-01-16,25,34,Berne
2018-02-17,-4,21,Lausanne
2014-04-25,9,97,Lausanne
2011-02-06,14,24,Lausanne
2018-12-14,17,97,Yverdon
2012-02-19,25,63,Geneve
2012-05-10,32,86,Geneve
2020-12-14,31,43,Yverdon
2010-09-25,-9,98,Yverdon
2016-01-11,2,76,Berne
2015-07-20,1,100,Yverdon
2018-03-06,25,82,Geneve
2015-03-13,28,32,Yverdon
2010-04-26,17,79,Yverdon
2021-09-29,19,69,Berne
2012-11-27,32,44,Berne
2016-03-14,7,41,Lausanne
2010-12-21,29,20,Lausanne
2010-05-09,0,6,Lausanne
2019-11-24,27,92,Yverdon
2013-06-09,7,98,Geneve
2020-10-01,25,9,Geneve
2019-10-25,21,22,Geneve
2020-03-05,-1,75,Geneve
2017-06-01,24,75,Lausanne
2021-11-26,22,98,Berne
2014-06-21,-8,66,Yverdon
2018-09-17,13,0,Berne
2016-04-08,19,99,Lausanne
2019-10-23,29,30,Yverdon
2012-11-16,21,55,Geneve
2016-10-03,4,63,Berne
2012-05-09,23,49,Yverdon
2021-05-14,17,16,Berne
2014-09-09,24,97,Lausanne
2016-06-12,10,24,Lausanne
2019-01-16,22,90,Berne
2014-01-23,22,0,Yverdon
2011-05-11,20,46,Lausanne
2010-03-27,22,72,Lausanne
2015-04-04,3,26,Lausanne
2011-05-21,20,24,Geneve
2014-01-31,3,100,Yverdon
2010-05-22,-2,94,Geneve
2012-03-20,-5,32,Lausanne
2011-10-13,20,37,Lausanne
2013-05-15,36,72,Lausanne
2015-06-10,28,84,Lausanne
2018-04-02,-9,64,Geneve
2010-07-19,23,77,Berne
2013-02-10,13,21,Berne
2016-11-23,7,1,Geneve
2012-02-27,-7,54,Geneve
2013-10-21,-5,22,Geneve
2011-08-13,8,13,Yverdon
2012-05-04,35,7,Berne
2016-02-27,8,32,Geneve
2015-02-19,6,19,Lausanne
2020-07-01,3,34,Yverdon
2015-02-27,1,93,Lausanne
2020-02-15,1,80,Geneve
2021-03-12,18,17,Lausanne
2011-05-17,10,88,Berne
2017-09-06,16,93,Lausanne
2014-01-27,-4,19,Lausanne
2016-12-28,27,1,Yverdon
2016-10-25,-10,30,Berne
2021-05-27,34,5,Yverdon
2011-06-16,17,20,Geneve
2014-03-08,19,8,Lausanne
2015-10-03,35,51,Geneve
2011-03-20,14,56,Geneve
2016-12-13,-2,33,Berne
2016-01-30,32,52,Geneve
2012-03-28,31,65,Lausanne
2011-01-14,34,30,Geneve
2013-04-20,4,100,Geneve
2014-10-05,33,15,Yverdon
2015-10-09,0,24,Berne
2017-03-08,35,30,Geneve
2018-08-07,7,5,Geneve
2017-01-18,3,97,Yverdon
2015-02-16,16,6,Lausanne
2018-12-15,28,49,Yverdon
2015-09-12,-1,61,Geneve
2022-01-20,-9,0,Geneve
2014-09-09,-2,24,Berne
2012-12-23,29,76,Yverdon
2021-12-16,-2,90,Yverdon
2013-02-07,10,84,Geneve
2018-01-24,32,53,Yverdon
2016-07-15,9,2,Geneve
2020-05-09,8,78,Berne
2018-08-07,19,40,Yverdon
2018-03-29,27,87,Yverdon
2011-10-16,-4,68,Geneve
2010-07-10,10,57,Geneve
2014-04-16,0,39,Geneve
2014-12-11,0,82,Yverdon
2012-06-15,35,2,Lausanne
2017-07-03,21,65,Berne
2012-11-04,3,55,Berne
2012-11-18,-8,7,Yverdon
2013-05-25,13,19,Lausanne
2019-05-03,-5,39,Yverdon
2021-10-16,0,15,Geneve
2015-08-31,34,20,Lausanne
2016-10-05,8,0,Lausanne
2014-11-13,33,31,Lausanne
2014-11-02,-3,27,Lausanne
2021-03-29,15,75,Lausanne
2017-01-03,27,55,Lausanne
2014-11-08,6,75,Berne
2013-05-22,30,2,Lausanne
2014-02-18,30,96,Yverdon
2018-09-21,2,0,Berne
2012-01-04,36,62,Yverdon
2014-11-27,23,8,Lausanne
2017-09-30,5,91,Berne
2013-08-01,2,72,Lausanne
2015-05-24,33,48,Geneve
2020-08-07,35,81,Geneve
2016-10-15,21,35,Berne
2010-05-14,30,62,Lausanne
2018-07-26,11,14,Yverdon
2017-10-20,9,50,Lausanne
2021-03-31,28,55,Yverdon
2019-03-06,26,69,Yverdon
2013-11-06,28,85,Lausanne
2014-05-05,17,84,Yverdon
2018-03-20,22,75,Geneve
2012-07-26,20,8,Yverdon
2015-08-08,11,18,Yverdon
2011-07-27,12,48,Yverdon
2020-06-09,22,64,Geneve
2011-02-11,12,61,Yverdon
2018-03-01,-3,5,Berne
2012-02-01,10,68,Yverdon
2020-05-22,18,65,Geneve
2013-11-05,6,33,Yverdon
2010-05-20,3,56,Geneve
2017-08-17,5,46,Geneve
2011-02-24,36,83,Yverdon
2012-10-12,10,53,Lausanne
2014-06-19,16,80,Geneve
2017-01-18,-1,3,Yverdon
2014-05-29,35,50,Lausanne
2010-03-13,-2,87,Geneve
2013-04-03,-2,94,Yverdon
2013-09-18,-9,91,Lausanne
2015-06-18,6,18,Lausanne
2020-11-05,16,5,Lausanne
2019-07-12,7,12,Yverdon
2019-09-02,32,78,Berne
2016-09-01,29,6,Geneve
2017-08-11,23,47,Berne
2019-02-27,19,11,Berne
2018-06-24,-8,61,Lausanne
2010-10-20,29,16,Geneve
2016-11-14,1,4,Yverdon
2013-06-23,13,96,Geneve
2015-04-13,30,92,Lausanne
2019-01-12,36,16,Lausanne
2019-12-16,-10,51,Geneve
2020-12-18,36,25,Berne
2012-12-26,9,53,Lausanne
2019-07-10,13,26,Lausanne
2015-09-29,4,21,Berne
2011-04-02,10,85,Yverdon
2014-06-01,8,27,Berne
2010-01-29,22,58,Geneve
2018-09-03,-6,12,Yverdon
2015-09-07,8,38,Geneve
2011-10-15,24,42,Geneve
2018-09-03,9,66,Yverdon
2017-11-05,24,94,Lausanne
2020-04-11,4,42,Lausanne
2021-08-15,-9,91,Geneve
2017-07-08,31,45,Yverdon
2018-11-06,-5,7,Berne
2013-08-18,30,40,Berne
2022-01-28,24,61,Geneve
2016-05-28,0,56,Geneve
2020-12-03,-8,29,Berne
2010-04-06,32,70,Lausanne
2013-08-10,3,35,Berne
2013-05-17,3,19,Berne
2017-12-01,19,78,Geneve
2020-05-25,22,50,Yverdon
2019-09-26,26,39,Geneve
2015-09-04,18,85,Yverdon
2012-06-14,12,2,Yverdon
2013-06-01,29,0,Lausanne
2012-05-16,15,6,Berne
2018-11-20,29,98,Lausanne
2020-08-05,18,43,Geneve
2014-03-18,13,41,Lausanne
2016-10-17,31,73,Yverdon
2012-10-09,24,36,Geneve
2016-11-14,29,73,Lausanne
2015-05-24,20,92,Yverdon
2019-03-11,9,61,Yverdon
2020-03-11,36,40,Berne
2013-03-27,35,43,Yverdon
2020-04-18,24,39,Berne
2014-03-23,11,5,Yverdon
2011-08-27,18,5,Lausanne
2014-11-27,8,17,Berne
2020-07-26,16,80,Berne
2021-01-28,24,57,Lausanne
2017-07-29,28,23,Geneve
2011-10-26,3,31,Berne
2014-03-16,24,12,Yverdon
2019-10-05,5,98,Geneve
2020-07-17,22,59,Geneve
2021-12-30,5,99,Yverdon
2015-02-15,20,73,Lausanne
2011-01-29,9,83,Lausanne
2010-03-24,-3,20,Lausanne
2016-09-22,2,72,Lausanne
2014-05-05,31,22,Berne
2020-09-07,16,69,Yverdon
2020-06-19,3,5,Geneve
2015-12-30,34,61,Geneve
2017-10-05,-6,69,Berne
2018-04-23,-6,60,Lausanne
2017-03-25,-4,6,Lausanne
2013-03-25,0,47,Geneve
2014-07-07,3,20,Lausanne
2011-01-24,26,63,Geneve
2013-10-10,27,15,Geneve
2021-05-14,-2,13,Lausanne
2017-12-11,29,51,Lausanne
2021-11-29,21,71,Geneve
2016-12-15,-5,59,Yverdon
2020-10-01,34,12,Berne
2014-12-08,-5,25,Geneve
2011-03-14,3,2,Berne
2011-04-11,6,7,Yverdon
2012-08-12,28,20,Geneve
2012-02-05,-6,41,Lausanne
2017-01-17,-10,53,Yverdon
2013-01-10,23,40,Berne
2015-07-26,1,32,Geneve
2012-02-22,31,62,Geneve
2019-08-28,3,2,Lausanne
2011-06-22,-6,90,Yverdon
2012-12-09,15,42,Lausanne
2012-07-24,3,71,Lausanne
2015-12-04,20,85,Geneve
2012-08-10,16,3,Yverdon
2013-07-07,-8,21,Geneve
2011-05-31,13,5,Berne
2015-05-13,22,13,Geneve
2021-06-25,4,100,Berne
2014-03-27,0,66,Yverdon
2018-06-15,-4,8,Berne
2010-05-22,31,43,Yverdon
2021-11-08,-2,48,Berne
2014-01-24,35,54,Yverdon
2015-02-17,34,32,Geneve
2014-09-05,21,54,Berne
2012-03-29,11,53,Lausanne
2011-12-25,7,58,Geneve
2012-11-26,15,11,Geneve
2013-12-02,8,39,Geneve
2021-12-30,21,0,Yverdon
2011-05-12,23,52,Berne
2016-07-05,25,35,Geneve
2020-11-23,-4,92,Geneve
2012-12-04,8,81,Geneve
2012-01-02,27,54,Yverdon
2021-09-19,17,36,Lausanne
2017-08-10,13,21,Berne
2020-03-13,7,63,Berne
2018-12-25,9,2,Yverdon
2013-11-22,9,29,Berne
2011-12-07,16,94,Geneve
2014-09-09,18,21,Berne
2018-03-29,-8,72,Geneve
2015-05-02,6,51,Geneve
2015-07-03,22,73,Geneve
2019-12-04,12,99,Lausanne
2018-04-19,21,13,Geneve
2015-07-31,19,54,Lausanne
2017-01-06,24,99,Geneve
2013-07-12,23,91,Geneve
2017-04-21,13,53,Geneve
2021-03-04,8,51,Yverdon
2020-01-25,0,87,Berne
2012-03-17,13,27,Berne
2019-02-16,1,20,Berne
2019-06-15,9,26,Yverdon
2012-02-20,0,97,Lausanne
2017-12-04,17,14,Berne
2010-05-25,11,92,Yverdon
2021-04-03,22,67,Geneve
2013-01-14,26,45,Lausanne
2013-06-03,-4,50,Yverdon
2012-01-22,25,36,Berne
2014-01-28,0,39,Lausanne
2017-02-17,22,99,Berne
2019-02-25,7,5,Lausanne
2010-01-12,19,100,Yverdon
2017-03-23,14,91,Geneve
2018-05-26,5,6,Berne
2021-06-04,30,30,Geneve
2016-06-18,3,16,Geneve
2012-07-03,-6,38,Lausanne
2019-02-04,1,35,Geneve
2015-06-08,0,95,Lausanne
2015-07-11,13,14,Berne
2017-02-13,35,44,Geneve
2019-12-07,1,48,Yverdon
2019-05-14,0,23,Berne
2016-02-05,20,29,Geneve
2021-10-14,6,25,Berne
2015-02-01,35,44,Yverdon
2018-02-24,7,1,Yverdon
2016-04-28,20,54,Berne
2012-04-05,32,5,Geneve
2017-04-15,8,13,Berne
2019-03-23,3,96,Lausanne
2019-06-28,29,51,Yverdon
2014-05-14,26,35,Geneve
2013-05-20,3,72,Geneve
2012-10-10,28,29,Yverdon
2018-07-24,22,65,Lausanne
2010-02-25,3,9,Lausanne
2018-05-26,11,8,Geneve
2016-04-01,15,33,Geneve
2011-12-17,22,88,Lausanne
2014-11-16,-8,18,Yverdon
2011-04-30,21,14,Geneve
2012-10-14,5,13,Yverdon
2013-10-22,8,10,Geneve
2021-09-18,20,29,Yverdon
2021-09-26,16,4,Lausanne
2018-10-11,5,6,Geneve
2014-08-22,-9,65,Yverdon
2019-04-30,13,72,Geneve
2010-10-15,-5,15,Yverdon
2015-04-29,10,86,Yverdon
2015-01-10,2,75,Geneve
2010-04-11,20,100,Yverdon
2020-06-07,-10,19,Geneve
2011-10-05,30,5,Berne
2019-12-12,24,66,Berne
2013-09-08,34,93,Lausanne
2010-06-11,-3,28,Yverdon
2011-11-20,24,83,Berne
2013-03-02,17,28,Geneve
2015-08-04,18,32,Yverdon
2020-05-28,-4,2,Lausanne
2012-11-01,35,6,Berne
2011-11-01,34,17,Geneve
2014-06-29,7,58,Geneve
2013-10-19,12,0,Yverdon
2019-10-22,11,38,Lausanne
2011-07-28,-3,93,Yverdon
2020-11-27,13,25,Berne
2017-08-03,35,12,Berne
2021-11-10,1,48,Berne
2021-03-11,34,43,Berne
2020-05-21,29,71,Geneve
2015-04-09,4,56,Geneve
2021-02-14,31,27,Geneve
2016-11-23,5,42,Yverdon
2019-02-12,22,34,Lausanne
2014-03-11,3,48,Yverdon
2018-04-30,-2,23,Lausanne
2010-09-12,-7,55,Berne
2022-01-06,28,81,Yverdon
2012-07-19,4,52,Lausanne
2011-11-30,28,78,Geneve
2021-06-12,9,45,Geneve
2015-06-17,15,44,Berne
2011-10-06,5,39,Berne
2019-09-17,21,49,Berne
2011-09-28,31,31,Yverdon
2010-06-29,21,60,Yverdon
2012-06-02,16,72,Lausanne
2010-12-26,30,85,Geneve
2021-03-16,-10,44,Lausanne
2018-10-05,21,96,Berne
2019-10-03,7,88,Yverdon
2013-01-30,0,7,Yverdon
2011-02-19,8,63,Berne
2014-02-27,-7,74,Berne
2010-03-05,1,35,Yverdon
2020-04-16,20,48,Geneve
2012-11-26,33,79,Yverdon
2013-03-12,29,27,Geneve
2017-12-07,5,37,Yverdon
2020-12-29,16,28,Berne
2012-04-15,-10,79,Yverdon
2014-02-07,-7,39,Lausanne
2015-02-15,4,77,Geneve
2013-11-25,-5,80,Lausanne
2015-07-23,26,15,Yverdon
2021-09-07,25,56,Geneve
2018-07-13,-4,82,Yverdon
2013-04-18,17,95,Geneve
2020-07-07,18,3,Berne
2012-10-27,35,4,Geneve
2017-08-24,31,54,Yverdon
2016-08-18,-7,68,Yverdon
2019-12-19,16,24,Lausanne
2019-05-16,-2,88,Berne
2015-07-23,25,19,Geneve
2018-11-23,10,2,Lausanne
2012-06-16,21,48,Berne
2013-05-17,24,18,Yverdon
2020-12-12,3,64,Geneve
2010-10-30,8,79,Berne
2021-03-13,36,68,Geneve
2014-10-07,11,24,Lausanne
2017-04-23,-8,53,Geneve
2015-09-06,36,100,Berne
2021-07-22,-5,36,Berne
2014-07-20,24,100,Berne
2014-07-20,24,60,Berne
2010-01-29,34,43,Lausanne
2013-11-09,3,49,Lausanne
2010-07-29,28,42,Geneve
2011-05-18,26,38,Geneve
2010-04-11,-2,76,Geneve
2019-01-02,28,68,Geneve
2017-05-15,34,99,Yverdon
2011-01-11,0,27,Berne
2014-05-27,20,15,Yverdon
2015-05-06,-2,82,Geneve
2010-11-04,1,47,Yverdon
2021-09-01,30,87,Yverdon
2020-03-29,13,63,Yverdon
2021-12-12,36,89,Geneve
2014-08-16,31,65,Geneve
2014-10-04,-3,40,Lausanne
2015-08-30,34,83,Berne
2016-05-08,-8,23,Geneve
2014-03-18,3,6,Lausanne
2018-06-08,33,19,Geneve
2010-07-11,2,15,Lausanne
2014-03-04,29,49,Geneve
2010-06-25,31,79,Yverdon
2017-08-09,25,4,Yverdon
2013-05-26,4,81,Berne
2016-08-07,35,29,Berne
2021-06-04,32,83,Berne
2016-12-13,-4,63,Lausanne
2019-12-25,27,28,Yverdon
2020-02-08,3,14,Berne
2012-01-04,30,50,Yverdon
2017-01-09,14,49,Geneve
2010-08-07,14,4,Yverdon
2014-11-16,-9,34,Berne
2014-03-09,3,65,Geneve
2014-10-09,27,35,Geneve
2015-09-01,29,100,Geneve
2017-10-02,12,36,Geneve
2016-06-22,12,54,Berne
2015-11-07,18,23,Lausanne
2019-05-05,-4,80,Geneve
2018-04-18,-8,62,Geneve
2021-12-02,28,98,Lausanne
2015-06-21,30,90,Geneve
2015-06-08,-9,25,Lausanne
2019-02-09,29,20,Lausanne
2010-12-14,-6,85,Berne
2016-02-13,26,23,Berne
2012-09-08,-4,26,Lausanne
2021-10-20,30,15,Lausanne
2013-04-30,-6,13,Berne
2012-07-31,2,20,Yverdon
2010-03-12,10,13,Yverdon
2019-08-07,4,40,Berne
2010-03-24,7,70,Geneve
2018-10-30,3,98,Yverdon
2012-04-03,28,51,Lausanne
2018-11-02,18,85,Lausanne
2019-11-09,24,35,Berne
2014-12-10,18,70,Lausanne
2021-09-19,17,40,Yverdon
2013-10-13,33,30,Yverdon
2016-07-26,30,58,Lausanne
2016-10-03,36,85,Berne
2010-12-23,-4,63,Berne
2014-04-18,24,13,Berne
2015-07-11,-7,53,Yverdon
2018-07-26,6,74,Geneve
2010-07-07,7,95,Geneve
2017-06-20,13,54,Geneve
2012-10-03,21,70,Berne
2018-03-29,24,49,Yverdon
2020-05-26,14,64,Yverdon
2014-06-22,24,50,Yverdon
2019-12-21,16,99,Berne
2020-02-16,12,11,Lausanne
2016-01-31,9,54,Geneve
2015-07-12,-1,1,Berne
2013-03-23,0,53,Berne
2010-02-06,30,54,Yverdon
2014-11-25,25,42,Lausanne
2019-03-17,4,31,Geneve
2022-01-09,18,18,Berne
2011-04-04,18,46,Geneve
2012-03-21,-1,9,Yverdon
2014-12-13,3,40,Berne
2017-10-11,22,32,Lausanne
2016-12-19,-5,76,Yverdon
2017-02-24,13,13,Berne
2011-01-21,-3,31,Lausanne
2016-03-17,29,65,Lausanne
2019-12-01,11,3,Yverdon
2016-03-10,3,60,Lausanne
2021-01-14,1,14,Berne
2013-09-28,-4,94,Berne
2016-11-02,-1,86,Yverdon
2020-03-26,36,46,Yverdon
2017-04-18,14,77,Yverdon
2018-01-22,-4,73,Yverdon
2018-08-09,19,98,Yverdon
2020-05-19,12,55,Berne
2015-01-14,19,18,Geneve
2021-12-16,-7,34,Berne
2014-05-06,27,59,Yverdon
2020-05-20,28,84,Lausanne
2017-05-11,34,92,Lausanne
2017-11-07,28,62,Lausanne
2010-07-25,-6,96,Lausanne
2018-09-28,17,45,Yverdon
2015-04-28,3,65,Lausanne
2016-11-06,1,56,Yverdon
2015-03-07,5,0,Berne
2019-12-25,2,95,Berne
2015-09-22,-1,70,Lausanne
2017-07-15,14,18,Geneve
2012-06-29,28,32,Lausanne
2011-05-10,-2,68,Yverdon
2010-08-17,22,7,Geneve
2010-08-09,-6,81,Geneve
2013-10-14,15,80,Lausanne
2019-06-12,33,8,Geneve
2022-01-08,2,4,Berne
2014-04-22,-1,1,Yverdon
2016-09-09,20,95,Berne
2014-05-19,24,78,Lausanne
2012-02-20,5,11,Geneve
2019-11-03,30,2,Yverdon
2021-05-23,8,70,Geneve
2021-08-07,4,30,Yverdon
2021-06-03,14,8,Yverdon
2018-04-09,18,18,Lausanne
2020-07-19,22,72,Yverdon
2018-08-17,26,69,Geneve
2017-09-17,20,39,Geneve
2017-05-18,0,42,Berne
2020-08-20,2,83,Lausanne
2010-07-16,10,37,Lausanne
2015-11-11,-3,72,Geneve
2017-03-16,17,7,Geneve
2011-04-01,16,29,Yverdon
2014-10-21,2,88,Lausanne
2021-06-27,29,10,Yverdon
2015-10-01,35,57,Berne
2015-08-18,-3,71,Lausanne
2019-11-07,31,51,Lausanne
2010-01-25,-9,37,Lausanne
2018-11-27,3,74,Geneve
2013-06-26,-5,3,Yverdon
2018-09-17,13,79,Berne
2017-09-01,1,45,Lausanne
2014-01-16,6,96,Lausanne
2020-04-14,25,9,Lausanne
2017-11-22,0,57,Yverdon
2016-07-01,36,90,Berne
2019-02-07,-8,56,Geneve
2011-05-18,32,27,Geneve
2013-08-29,23,36,Yverdon
2017-08-11,5,29,Berne
2018-02-25,-10,10,Geneve
2021-09-01,-3,57,Yverdon
2012-09-06,10,85,Yverdon
2019-02-05,28,50,Geneve
2020-06-28,30,42,Geneve
2018-05-17,-8,71,Lausanne
2015-08-06,22,53,Lausanne
2018-11-30,20,87,Lausanne
2014-03-23,11,44,Berne
2014-02-19,19,25,Lausanne
2016-04-11,-1,38,Berne
2017-12-01,24,79,Lausanne
2010-08-12,19,28,Geneve
2021-05-14,4,84,Geneve
2016-08-11,1,49,Berne
2011-09-01,31,84,Berne
2021-08-16,34,91,Berne
2020-08-23,33,80,Geneve
2010-01-20,1,6,Berne
2014-04-18,24,46,Yverdon
2010-12-16,-5,79,Berne
2021-02-21,-10,70,Geneve
2010-05-09,20,4,Geneve
2019-11-26,20,92,Lausanne
2015-01-17,36,98,Geneve
2013-12-30,-10,81,Berne
2014-10-11,13,32,Berne
2015-01-28,34,63,Berne
2010-06-24,30,38,Yverdon
2018-05-24,18,17,Berne
2016-02-27,15,89,Geneve
2019-07-04,36,40,Lausanne
2010-10-14,-5,100,Geneve
2019-10-18,-8,93,Geneve
2012-10-28,8,33,Yverdon
2010-06-25,36,21,Yverdon
2018-04-28,26,93,Berne
2019-02-12,8,82,Yverdon
2015-04-29,29,4,Berne
2019-11-11,17,48,Lausanne
2020-01-30,28,80,Berne
2018-08-22,9,57,Yverdon
2015-12-19,7,63,Lausanne
2020-02-06,13,85,Geneve
2017-09-18,33,48,Yverdon
2020-09-28,22,47,Lausanne
2010-04-18,-8,92,Yverdon
2011-10-06,7,40,Geneve
2011-04-03,19,40,Berne
2011-11-24,14,43,Yverdon
2017-07-24,13,62,Lausanne
2018-10-07,-2,68,Geneve
2019-04-23,18,83,Lausanne
2010-10-17,23,36,Yverdon
2013-11-11,33,80,Yverdon
2018-08-17,29,26,Geneve
2020-08-12,18,86,Geneve
2021-04-30,-9,19,Berne
2017-04-26,31,40,Lausanne
2015-10-31,9,13,Geneve
2013-08-08,-3,15,Geneve
2010-09-28,8,18,Geneve
2011-02-14,-2,19,Geneve
2010-01-06,14,69,Geneve
2012-11-25,-8,84,Berne
2019-04-16,17,62,Geneve
2011-04-22,7,87,Lausanne
2011-07-16,31,22,Geneve
2012-05-02,4,20,Berne
2017-07-07,5,100,Lausanne
2019-04-14,35,23,Geneve
2017-06-11,21,42,Berne
2012-04-18,-1,20,Geneve
2015-06-10,27,67,Geneve
2014-12-30,32,43,Geneve
2016-02-09,-6,0,Yverdon
2016-07-20,-2,3,Yverdon
2010-07-18,18,95,Lausanne
2019-11-19,6,2,Berne
2013-05-15,4,56,Yverdon
2012-04-18,21,67,Berne
2010-09-24,26,6,Berne
2011-05-01,-7,36,Yverdon
2012-04-30,15,92,Geneve
2016-09-05,28,42,Yverdon
2012-12-27,25,90,Geneve
2013-10-23,-9,81,Yverdon
2015-03-18,13,76,Yverdon
2020-04-04,21,46,Lausanne
2020-04-10,7,74,Berne
2018-03-18,23,20,Yverdon
2018-09-13,30,55,Geneve
2021-07-11,19,15,Yverdon
2019-04-09,6,35,Geneve
2017-05-29,27,16,Geneve
2011-07-07,-4,88,Geneve
2018-05-03,-8,10,Berne
2018-03-14,12,25,Lausanne
2012-03-25,10,21,Lausanne
2012-03-24,0,26,Lausanne
2019-03-23,26,46,Geneve
2012-06-11,-9,63,Yverdon
2016-04-06,13,99,Berne
2014-03-25,-6,88,Berne
2014-06-15,26,11,Lausanne
2017-03-18,-1,16,Berne
2016-12-18,5,78,Berne
2017-01-03,-5,7,Yverdon
2010-02-18,1,53,Geneve
2011-07-17,32,28,Geneve
2011-09-11,30,78,Lausanne
2012-01-07,7,89,Geneve
2016-01-15,-1,98,Yverdon
2011-07-03,7,64,Yverdon
2012-12-20,14,51,Geneve
2017-08-15,-7,81,Geneve
2012-04-09,16,89,Geneve
2021-12-09,-4,10,Geneve
2014-11-24,7,1,Lausanne
2013-08-06,5,89,Berne
2019-02-02,0,63,Yverdon
2020-05-01,35,78,Lausanne
2011-08-30,-2,70,Berne
2014-10-25,26,37,Berne
2019-08-10,-10,31,Geneve
2017-10-31,-8,79,Lausanne
2012-01-25,7,87,Berne
2010-11-05,27,13,Berne
2020-11-02,-10,3,Berne
2019-10-25,-8,64,Geneve
2022-01-01,-3,100,Lausanne
2017-10-16,9,3,Berne
2013-06-24,-8,98,Lausanne
2020-01-11,28,24,Yverdon
2017-05-23,22,83,Geneve
2012-11-12,31,9,Lausanne
2011-07-13,9,72,Yverdon
2021-06-26,3,75,Yverdon
2020-08-15,28,62,Berne
2015-01-15,-1,55,Yverdon
2021-10-12,-5,32,Lausanne
2016-04-03,-8,94,Lausanne
2010-07-23,33,33,Berne
2015-10-29,10,4,Geneve
2014-05-18,25,30,Yverdon
2018-05-22,5,65,Berne
2011-08-21,17,79,Geneve
2012-07-19,34,95,Geneve
2013-07-20,-10,94,Berne
2010-10-20,33,64,Berne
2012-11-01,8,86,Yverdon
2018-12-05,-1,53,Geneve
2014-06-20,30,24,Yverdon
2016-11-18,-2,60,Berne
2019-07-23,34,24,Geneve
2019-02-04,7,10,Lausanne
2021-05-04,36,28,Geneve
2019-12-21,2,50,Berne
2019-03-02,2,19,Lausanne
2016-02-07,-6,91,Berne
2019-11-11,35,19,Berne
2018-05-04,23,99,Lausanne
2019-03-06,4,79,Berne
2012-03-24,-5,42,Yverdon
2018-07-08,33,98,Yverdon
2011-06-02,-1,49,Yverdon
2020-03-01,31,79,Berne
2019-05-30,30,59,Geneve
2018-05-15,13,48,Lausanne
2011-04-10,20,48,Berne
2011-12-23,-1,55,Berne
2015-04-10,3,5,Geneve
2010-03-04,-6,64,Geneve
2020-06-30,30,30,Yverdon
2021-09-25,21,71,Berne
2014-10-07,11,64,Geneve
2018-04-11,-3,75,Berne
2017-07-30,-9,11,Berne
2011-01-18,27,64,Yverdon
2017-12-11,4,94,Berne
2016-09-25,23,25,Berne
2017-07-22,26,43,Geneve
2016-11-15,22,53,Geneve
2018-05-10,15,83,Lausanne
2016-10-14,12,58,Geneve
2013-08-09,18,40,Lausanne
2011-01-24,-9,22,Geneve
2018-03-15,-2,63,Yverdon
2014-03-22,-1,40,Berne
2020-06-22,24,39,Yverdon
2010-09-01,-9,88,Berne
2018-12-30,23,3,Geneve
2017-12-14,-5,49,Geneve
2019-08-15,32,40,Geneve
2012-02-01,8,23,Yverdon
2012-08-01,27,17,Yverdon
2015-04-07,-9,30,Geneve
2011-11-19,22,13,Berne
2011-07-01,24,82,Berne
2020-01-12,28,17,Geneve
2016-05-31,-10,9,Lausanne
2015-02-13,36,17,Berne
2011-03-04,23,17,Lausanne
2013-12-26,-10,55,Yverdon
2013-11-21,14,31,Lausanne
2017-01-17,35,74,Geneve
2015-10-22,22,3,Geneve
2016-01-19,26,3,Lausanne
2020-09-16,-3,53,Berne
2019-12-10,11,91,Lausanne
2011-02-13,21,24,Yverdon
2014-07-15,0,23,Berne
2010-07-15,20,44,Lausanne
2019-08-29,-3,21,Berne
2019-04-10,33,7,Geneve
2010-12-23,11,34,Berne
2011-01-13,-5,0,Lausanne
2012-09-01,21,21,Yverdon
2013-04-21,-6,41,Geneve
2018-10-20,12,71,Berne
2013-02-02,23,92,Lausanne
2016-12-12,26,76,Yverdon
2011-12-07,-8,96,Geneve
2017-06-20,3,54,Geneve
2021-11-12,12,32,Yverdon
2011-04-30,2,66,Geneve
2020-05-26,34,86,Lausanne
2016-01-29,-1,69,Berne
2016-10-12,16,32,Lausanne
2020-05-12,25,37,Berne
2017-12-30,16,97,Yverdon
2019-03-01,31,45,Geneve
2021-08-01,4,93,Berne
2014-05-08,20,98,Berne
2013-05-22,15,66,Geneve
2018-05-30,36,10,Geneve
2021-06-23,23,55,Geneve
2016-12-07,30,26,Lausanne
2020-02-11,5,18,Lausanne
2011-12-14,7,72,Berne
2014-09-25,25,54,Lausanne
2021-08-01,17,56,Yverdon
2019-12-12,24,99,Yverdon
2016-12-23,34,56,Berne
2013-03-12,19,48,Berne
2016-01-23,14,98,Yverdon
2016-07-17,27,79,Yverdon
2014-10-20,35,31,Lausanne
2014-10-16,25,24,Geneve
2018-01-04,-6,13,Berne
2010-04-16,2,88,Berne
2021-07-15,-5,6,Geneve
2013-03-16,35,17,Berne
2016-08-02,-2,98,Berne
2018-07-14,-5,0,Berne
2021-07-15,10,17,Yverdon
2011-01-13,21,54,Yverdon
2019-11-06,24,38,Geneve
2020-06-12,32,37,Geneve
2017-10-13,16,44,Geneve
2011-05-30,10,57,Berne
2011-01-28,23,17,Yverdon
2018-06-02,-2,71,Lausanne
2020-04-16,23,58,Lausanne
2018-03-02,31,77,Lausanne
2018-03-19,22,79,Lausanne
2019-10-19,1,56,Berne
2018-11-10,2,26,Berne
2016-10-06,1,71,Geneve
2021-10-20,5,82,Geneve
2015-10-26,29,44,Berne
2018-06-02,7,96,Geneve
2022-01-21,-1,64,Berne
2019-09-17,7,97,Yverdon
2011-05-26,-6,55,Geneve
2020-11-06,28,15,Geneve
2016-09-17,33,69,Geneve
2021-01-05,28,16,Berne
2011-10-10,7,40,Geneve
2018-03-07,3,56,Berne
2014-08-12,21,77,Lausanne
2012-09-03,31,61,Yverdon
2013-06-26,4,1,Berne
2019-03-15,5,59,Berne
2013-09-26,5,28,Geneve
2013-09-19,1,27,Berne
2018-04-22,34,58,Yverdon
2019-12-10,9,84,Geneve
2016-06-11,-8,13,Berne
2014-01-27,-3,43,Yverdon
2016-09-15,31,20,Yverdon
2013-11-07,6,98,Geneve
2013-07-20,17,16,Geneve
2014-03-07,31,89,Lausanne
2011-04-20,-1,35,Lausanne
2016-04-27,7,59,Berne
2020-06-02,-8,98,Lausanne
2012-08-04,-1,70,Geneve
2013-11-04,4,5,Geneve
2021-05-29,28,53,Berne
2012-11-23,4,66,Yverdon
2016-03-08,4,95,Yverdon
2016-12-10,16,84,Lausanne
2021-11-25,22,93,Berne
2021-03-01,23,95,Geneve
2011-03-02,2,21,Lausanne
2013-11-04,12,77,Berne
2010-08-02,31,57,Lausanne
2014-08-02,22,70,Berne
2019-10-04,33,6,Geneve
2017-01-02,34,89,Yverdon
2014-07-16,17,42,Geneve
2014-10-26,-7,61,Geneve
2017-07-22,33,48,Lausanne
2014-12-25,22,24,Geneve
2018-02-17,20,46,Berne
2020-11-18,12,62,Yverdon
2015-10-13,8,37,Yverdon
2018-08-14,26,20,Yverdon
2020-01-08,-2,7,Geneve
2020-05-20,29,13,Berne
2019-10-21,11,36,Yverdon
2022-01-17,36,24,Lausanne
2015-03-25,-7,37,Yverdon
2018-01-15,24,92,Geneve
2012-11-30,14,68,Lausanne
2016-05-11,27,20,Yverdon
2015-11-25,7,17,Geneve
2017-06-23,14,0,Berne
2013-03-18,4,44,Lausanne
2020-05-27,21,65,Lausanne
2019-06-03,16,1,Yverdon
2021-05-02,-3,59,Lausanne
2019-05-22,-9,89,Geneve
2018-12-06,2,95,Lausanne
2018-10-24,25,23,Lausanne
2012-11-04,-3,75,Lausanne
2016-02-28,-5,72,Yverdon
2014-06-17,19,71,Lausanne
2015-07-29,-5,88,Lausanne
2016-01-28,6,24,Geneve
2015-02-09,6,44,Berne
2013-07-22,18,100,Yverdon
2011-10-03,-9,39,Geneve
2012-03-31,11,65,Berne
2015-11-15,22,20,Berne
2011-07-02,-7,33,Berne
2018-08-16,20,19,Geneve
2018-10-01,-9,45,Geneve
2016-02-24,2,81,Geneve
2021-12-29,29,32,Berne
2021-07-27,5,19,Yverdon
2018-04-28,-9,31,Yverdon
